{"n_classes": 2, "majority": 0.6159229754929116, "dev_acc": 0.6062988132670656, "_timestamp": 1654887635, "_runtime": 229, "_step": 41, "_wandb": {"runtime": 231}}